Donor ID,Name,Gender,Blood Type,Location,Email,Contact
20OP01,Henry Ford,Male,O+,Palm Bay,Henry Ford@gmail.com,14003202934
20OP02,Jackson Wills,Male,O+,Lake City,Jackson Wills@yahoo.com,14001768792
20OP03,Artur Buck,Male,O+,Key West,Artur Buck@gmail.com,14000334649
20OP04,Sophie Shade,Female,O+,Lake City,Sophie Shade@yahoo.com,13998900506
20OP05,Harry Matt,Male,O+,Palm Bay,Harry Matt@hotmail.com,13997466363
20OP06,Mincy Pratz,Female,O+,Palm Bay,Mincy Pratz@gmail.com,13996032221
20OP07,Heders,Male,O+,Key West,Heders@hotmail.com,13994598078
20OP08,John Toh,Male,O+,Palm Bay,John Toh@yahoo.com,13993163935
20OP09,Jonathan Dowe,Male,O+,Lake City,Jonathan Dowe@gmail.com,13991729792
20OP10,Davis Quinn,Male,O+,Key West,Davis Quinn@hotmail.com,13990295650
20OP11,Harper Quinn,Male,O+,Palm Bay,Harper Quinn@yahoo.com,13988861507
20OP12,Ella Toh,Female,O+,Key West,Ella Toh@gmail.com,13987427364
20OP13,David Smith,Male,O+,Palm Bay,David Smith@hotmail.com,13985993221
20OP14,Mike Smith,Male,O+,Key West,Mike Smith@gmail.com,13984559079
